Producto,Desc
4,default
6,default
41,default
64,default
106,default
176,default
195,default
200,default
202,default
255,default
269,default
293,default
296,default
333,default
334,default
335,default
336,default
337,default
338,default
339,default
340,default
341,default
343,default
381,default
388,default
396,default
397,default
409,default
410,default
413,default
441,default
449,default
475,default
478,default
510,default
533,default
536,default
542,default
544,default
548,default
554,default
590,default
596,default
628,default
629,default
639,default
640,default
655,default
667,default
668,default
693,default
697,default
702,default
703,default
715,default
718,default
719,default
720,default
721,default
722,default
726,default
728,default
730,default
738,default
740,default
741,default
749,default
752,default
753,default
785,default
808,default
816,default
817,default
832,default
833,default
834,default
835,default
855,default
865,default
869,default
870,default
877,default
895,default
896,default
906,default
908,default
915,default
917,default
919,default
920,default
928,default
930,default
932,default
935,default
963,default
969,default
1009,default
1010,default
1012,default
1014,default
1015,default
1016,default
1017,default
1018,default
1034,default
1043,default
1044,default
1049,default
1050,default
1065,default
1069,default
1099,default
1120,default
1121,default
1134,default
1135,default
1148,default
1150,default
1152,default
1163,default
1165,default
1166,default
1179,default
1180,default
1181,default
1185,default
1215,default
1217,default
1220,default
1221,default
1227,default
1230,default
1232,default
1233,default
1243,default
1244,default
1255,default
1272,default
1273,default
1274,default
1276,default
1277,default
1301,default
1302,default
1321,default
1323,default
1324,default
1325,default
1326,default
1327,default
1339,default
1342,default
1343,default
1345,default
1346,default
1347,default
1348,default
1355,default
1365,default
1367,default
1384,default
1392,default
1418,default
1425,default
1440,default
1444,default
1446,default
1447,default
1449,default
1450,default
1474,default
1476,default
1477,default
1482,default
1502,default
1504,default
1516,default
1520,default
1524,default
1530,default
1531,default
1541,default
1542,default
1544,default
1545,default
1546,default
1550,default
1551,default
1557,default
1562,default
1563,default
1577,default
1587,default
1588,default
1590,default
1599,default
1602,default
1604,default
1605,default
1642,default
1647,default
1648,default
1649,default
1663,default
1664,default
1676,default
1681,default
1682,default
1689,default
1692,default
1694,default
1695,default
1707,default
1708,default
1714,default
1715,default
1716,default
1717,default
1719,default
1733,default
1744,default
1745,default
1746,default
1747,default
1748,default
1749,default
1753,default
1754,default
1755,default
1756,default
1757,default
1758,default
1759,default
1760,default
1761,default
1764,default
1765,default
1766,default
1767,default
1768,default
1772,default
1773,default
1789,default
1793,default
1797,default
1801,default
1803,default
1805,default
1812,default
1814,default
1816,default
1822,default
1823,default
1825,default
1827,default
1830,default
1831,default
1832,default
1833,default
1839,default
1842,default
1845,default
1852,default
1853,default
1859,default
1861,default
1865,default
1876,default
1893,default
1894,default
1895,default
1896,default
1897,default
1898,default
1899,default
1904,default
1907,default
1911,default
1912,default
1913,default
1920,default
1921,default
1939,default
1940,default
1941,default
1942,default
1944,default
1945,default
2000,default
2005,default
2006,default
2019,default
2021,default
2025,default
2026,default
2044,default
2046,default
2047,default
2050,default
2051,default
2054,default
2078,default
2079,default
2084,default
2088,default
2090,default
2091,default
2099,default
2121,default
2122,default
2123,default
2129,default
2131,default
2134,default
2136,default
2139,default
2144,default
2149,default
2150,default
2151,default
2155,default
2156,default
2157,default
2158,default
2161,default
2164,default
2165,default
2179,default
2183,default
2185,default
2195,default
2208,default
2209,default
2211,default
2212,default
2213,default
2214,default
2216,default
2225,default
2226,default
2228,default
2233,default
2239,default
2255,default
2256,default
2260,default
2262,default
2271,default
2272,default
2278,default
2279,default
2280,default
2287,default
2307,default
2309,default
2310,default
2311,default
2312,default
2314,default
2317,default
2328,default
2329,default
2336,default
2340,default
2344,default
2345,default
2346,default
2347,default
2348,default
2349,default
2356,default
2362,default
2363,default
2364,default
2365,default
2366,default
2367,default
2368,default
2369,default
2370,default
2371,default
2372,default
2373,default
2374,default
2381,default
2385,default
2386,default
2387,default
2405,default
2406,default
2407,default
2408,default
2412,default
2413,default
2423,default
2424,default
2425,default
2442,default
2444,default
2445,default
2446,default
2451,default
2452,default
2454,default
2459,default
2460,default
2464,default
2470,default
2471,default
2482,default
2483,default
2484,default
2485,default
2486,default
2490,default
2491,default
2492,default
2493,default
2494,default
2495,default
2497,default
2498,default
2499,default
2500,default
2503,default
2505,default
2508,default
2510,default
2511,default
2516,default
2517,default
2519,default
2520,default
2521,default
2527,default
291,default
586,default
704,default
713,default
714,default
737,default
750,default
830,default
831,default
844,default
856,default
897,default
934,default
1008,default
1021,default
1066,default
1072,default
1182,default
1183,default
1184,default
1218,default
1219,default
1228,default
1229,default
1231,default
1249,default
1250,default
1254,default
1271,default
1275,default
1322,default
1399,default
1461,default
1462,default
1532,default
1568,default
1579,default
1589,default
1600,default
1603,default
1643,default
1718,default
1720,default
1732,default
1737,default
1743,default
1785,default
1787,default
1788,default
1790,default
1804,default
1806,default
1815,default
1824,default
1826,default
1840,default
1841,default
1843,default
1844,default
1846,default
1849,default
1850,default
1854,default
1860,default
1862,default
1864,default
1903,default
1906,default
1908,default
2010,default
2041,default
2042,default
2048,default
2057,default
2067,default
2068,default
2094,default
2102,default
2218,default
2236,default
2259,default
2292,default
2322,default
2323,default
2326,default
2327,default
2342,default
2343,default
2350,default
2355,default
2383,default
2384,default
2388,default
2411,default
2418,default
2420,default
2437,default
2478,default
2481,default
2524,default
739,default
794,default
989,default
1057,default
1058,default
1119,default
1216,default
1239,default
1240,default
1241,default
1242,default
1245,default
1252,default
1253,default
1523,default
1569,default
1578,default
1657,default
1671,default
1675,default
1734,default
1786,default
1802,default
1809,default
1813,default
1817,default
1821,default
1863,default
1902,default
1929,default
2039,default
2049,default
2100,default
2104,default
2107,default
2237,default
2261,default
2266,default
2286,default
2319,default
2325,default
2415,default
2416,default
2422,default
815,default
1122,default
1128,default
1292,default
1303,default
1304,default
1305,default
1340,default
1460,default
1489,default
1601,default
1829,default
1851,default
1879,default
1919,default
2011,default
2014,default
2083,default
2096,default
2103,default
2187,default
2282,default
2320,default
2334,default
2341,default
2379,default
2457,default
2477,default
2518,default
857,default
1294,default
1513,default
1742,default
1784,default
1800,default
1900,default
1923,default
2030,default
2038,default
2060,default
2095,default
2106,default
2221,default
2240,default
2270,default
2469,default
2476,default
392,default
701,default
706,default
1223,default
1251,default
1307,default
1328,default
1922,default
2013,default
2064,default
2115,default
2267,default
1188,default
1226,default
1297,default
1362,default
1576,default
1836,default
2029,default
2031,default
2034,default
2071,default
2101,default
2238,default
2324,default
1291,default
1818,default
2417,default
2421,default
313,default
1295,default
1735,default
1855,default
2112,default
2137,default
2380,default
1819,default
2116,default
2419,default
